Sum of Sales,Order Date,forecastValue,confidenceHighBound,confidenceLowBound,,,,,,,
73.94,1/1/2019 0:00,forecastValue,confidenceHighBound,confidenceLowBound,,,,,,,
405.92,1/2/2019 0:00,forecastValue,confidenceHighBound,confidenceLowBound,,,,,,,
2095.83,1/3/2019 0:00,forecastValue,confidenceHighBound,confidenceLowBound,,,,,,,
1069.22,1/4/2019 0:00,forecastValue,confidenceHighBound,confidenceLowBound,,,,,,,
255.904,1/5/2019 0:00,forecastValue,confidenceHighBound,confidenceLowBound,,,,,,,
83.576,1/7/2019 0:00,forecastValue,confidenceHighBound,confidenceLowBound,,,,,,,
1859.158,1/8/2019 0:00,forecastValue,confidenceHighBound,confidenceLowBound,,,,,,,
743.046,1/9/2019 0:00,forecastValue,confidenceHighBound,confidenceLowBound,,,,,,,
174.75,1/10/2019 0:00,forecastValue,confidenceHighBound,confidenceLowBound,,,,,,,
149.444,1/11/2019 0:00,forecastValue,confidenceHighBound,confidenceLowBound,,,,,,,
405.344,1/14/2019 0:00,forecastValue,confidenceHighBound,confidenceLowBound,,,,,,,
701.923,1/15/2019 0:00,forecastValue,confidenceHighBound,confidenceLowBound,,,,,,,
102.218,1/16/2019 0:00,forecastValue,confidenceHighBound,confidenceLowBound,,,,,,,
1040.55,1/17/2019 0:00,forecastValue,confidenceHighBound,confidenceLowBound,,,,,,,
1167.056,1/21/2019 0:00,forecastValue,confidenceHighBound,confidenceLowBound,,,,,,,
917.63,1/22/2019 0:00,forecastValue,confidenceHighBound,confidenceLowBound,,,,,,,
1732.3,1/23/2019 0:00,forecastValue,confidenceHighBound,confidenceLowBound,,,,,,,
31.36,1/24/2019 0:00,forecastValue,confidenceHighBound,confidenceLowBound,,,,,,,
858.712,1/25/2019 0:00,forecastValue,confidenceHighBound,confidenceLowBound,,,,,,,
39.68,1/28/2019 0:00,forecastValue,confidenceHighBound,confidenceLowBound,,,,,,,
3107.316,1/30/2019 0:00,forecastValue,confidenceHighBound,confidenceLowBound,,,,,,,
1601.554,1/31/2019 0:00,forecastValue,confidenceHighBound,confidenceLowBound,,,,,,,
1161.97,2/1/2019 0:00,forecastValue,confidenceHighBound,confidenceLowBound,,,,,,,
4996.784,2/2/2019 0:00,forecastValue,confidenceHighBound,confidenceLowBound,,,,,,,
866.4,2/3/2019 0:00,forecastValue,confidenceHighBound,confidenceLowBound,,,,,,,
197.868,2/4/2019 0:00,forecastValue,confidenceHighBound,confidenceLowBound,,,,,,,
2994.476,2/5/2019 0:00,forecastValue,confidenceHighBound,confidenceLowBound,,,,,,,
132.224,2/6/2019 0:00,forecastValue,confidenceHighBound,confidenceLowBound,,,,,,,
762.142,2/7/2019 0:00,forecastValue,confidenceHighBound,confidenceLowBound,,,,,,,
1369.476,2/8/2019 0:00,forecastValue,confidenceHighBound,confidenceLowBound,,,,,,,
121.83,2/9/2019 0:00,forecastValue,confidenceHighBound,confidenceLowBound,,,,,,,
69.93,2/11/2019 0:00,forecastValue,confidenceHighBound,confidenceLowBound,,,,,,,
1366.04,2/12/2019 0:00,forecastValue,confidenceHighBound,confidenceLowBound,,,,,,,
146.82,2/13/2019 0:00,forecastValue,confidenceHighBound,confidenceLowBound,,,,,,,
837.921,2/14/2019 0:00,forecastValue,confidenceHighBound,confidenceLowBound,,,,,,,
407.072,2/15/2019 0:00,forecastValue,confidenceHighBound,confidenceLowBound,,,,,,,
1135.638,2/16/2019 0:00,forecastValue,confidenceHighBound,confidenceLowBound,,,,,,,
392.66,2/19/2019 0:00,forecastValue,confidenceHighBound,confidenceLowBound,,,,,,,
16.496,2/20/2019 0:00,forecastValue,confidenceHighBound,confidenceLowBound,,,,,,,
1524.126,2/21/2019 0:00,forecastValue,confidenceHighBound,confidenceLowBound,,,,,,,
983.17,2/22/2019 0:00,forecastValue,confidenceHighBound,confidenceLowBound,,,,,,,
57.576,2/23/2019 0:00,forecastValue,confidenceHighBound,confidenceLowBound,,,,,,,
46.72,2/25/2019 0:00,forecastValue,confidenceHighBound,confidenceLowBound,,,,,,,
243.892,2/27/2019 0:00,forecastValue,confidenceHighBound,confidenceLowBound,,,,,,,
147.584,2/28/2019 0:00,forecastValue,confidenceHighBound,confidenceLowBound,,,,,,,
6285.806,3/1/2019 0:00,forecastValue,confidenceHighBound,confidenceLowBound,,,,,,,
7264.422,3/3/2019 0:00,forecastValue,confidenceHighBound,confidenceLowBound,,,,,,,
315.45,3/4/2019 0:00,forecastValue,confidenceHighBound,confidenceLowBound,,,,,,,
162.344,3/5/2019 0:00,forecastValue,confidenceHighBound,confidenceLowBound,,,,,,,
811.303,3/6/2019 0:00,forecastValue,confidenceHighBound,confidenceLowBound,,,,,,,
21.072,3/7/2019 0:00,forecastValue,confidenceHighBound,confidenceLowBound,,,,,,,
2190.81,3/8/2019 0:00,forecastValue,confidenceHighBound,confidenceLowBound,,,,,,,
635.6,3/9/2019 0:00,forecastValue,confidenceHighBound,confidenceLowBound,,,,,,,
7879.734,3/10/2019 0:00,forecastValue,confidenceHighBound,confidenceLowBound,,,,,,,
896.022,3/11/2019 0:00,forecastValue,confidenceHighBound,confidenceLowBound,,,,,,,
1694.642,3/12/2019 0:00,forecastValue,confidenceHighBound,confidenceLowBound,,,,,,,
8866.882,3/13/2019 0:00,forecastValue,confidenceHighBound,confidenceLowBound,,,,,,,
669.368,3/14/2019 0:00,forecastValue,confidenceHighBound,confidenceLowBound,,,,,,,
2356.808,3/15/2019 0:00,forecastValue,confidenceHighBound,confidenceLowBound,,,,,,,
2360.334,3/17/2019 0:00,forecastValue,confidenceHighBound,confidenceLowBound,,,,,,,
1061.682,3/18/2019 0:00,forecastValue,confidenceHighBound,confidenceLowBound,,,,,,,
138.68,3/19/2019 0:00,forecastValue,confidenceHighBound,confidenceLowBound,,,,,,,
928.311,3/20/2019 0:00,forecastValue,confidenceHighBound,confidenceLowBound,,,,,,,
645.706,3/21/2019 0:00,forecastValue,confidenceHighBound,confidenceLowBound,,,,,,,
226.468,3/22/2019 0:00,forecastValue,confidenceHighBound,confidenceLowBound,,,,,,,
745.774,3/24/2019 0:00,forecastValue,confidenceHighBound,confidenceLowBound,,,,,,,
1346.97,3/25/2019 0:00,forecastValue,confidenceHighBound,confidenceLowBound,,,,,,,
682.246,3/26/2019 0:00,forecastValue,confidenceHighBound,confidenceLowBound,,,,,,,
92.7,3/27/2019 0:00,forecastValue,confidenceHighBound,confidenceLowBound,,,,,,,
125.3,3/28/2019 0:00,forecastValue,confidenceHighBound,confidenceLowBound,,,,,,,
2659.339,3/29/2019 0:00,forecastValue,confidenceHighBound,confidenceLowBound,,,,,,,
11.34,3/30/2019 0:00,forecastValue,confidenceHighBound,confidenceLowBound,,,,,,,
640.762,3/31/2019 0:00,forecastValue,confidenceHighBound,confidenceLowBound,,,,,,,
2161.48,4/1/2019 0:00,forecastValue,confidenceHighBound,confidenceLowBound,,,,,,,
1454.9,4/2/2019 0:00,forecastValue,confidenceHighBound,confidenceLowBound,,,,,,,
441.198,4/3/2019 0:00,forecastValue,confidenceHighBound,confidenceLowBound,,,,,,,
970.194,4/4/2019 0:00,forecastValue,confidenceHighBound,confidenceLowBound,,,,,,,
1046.334,4/5/2019 0:00,forecastValue,confidenceHighBound,confidenceLowBound,,,,,,,
1294.75,4/6/2019 0:00,forecastValue,confidenceHighBound,confidenceLowBound,,,,,,,
1970.574,4/7/2019 0:00,forecastValue,confidenceHighBound,confidenceLowBound,,,,,,,
2906.404,4/8/2019 0:00,forecastValue,confidenceHighBound,confidenceLowBound,,,,,,,
1115.197,4/9/2019 0:00,forecastValue,confidenceHighBound,confidenceLowBound,,,,,,,
950.594,4/10/2019 0:00,forecastValue,confidenceHighBound,confidenceLowBound,,,,,,,
1542.53,4/12/2019 0:00,forecastValue,confidenceHighBound,confidenceLowBound,,,,,,,
6.12,4/13/2019 0:00,forecastValue,confidenceHighBound,confidenceLowBound,,,,,,,
1466.572,4/14/2019 0:00,forecastValue,confidenceHighBound,confidenceLowBound,,,,,,,
2201.856,4/15/2019 0:00,forecastValue,confidenceHighBound,confidenceLowBound,,,,,,,
9335.086,4/16/2019 0:00,forecastValue,confidenceHighBound,confidenceLowBound,,,,,,,
421.085,4/17/2019 0:00,forecastValue,confidenceHighBound,confidenceLowBound,,,,,,,
2514.538,4/18/2019 0:00,forecastValue,confidenceHighBound,confidenceLowBound,,,,,,,
1414.132,4/19/2019 0:00,forecastValue,confidenceHighBound,confidenceLowBound,,,,,,,
271.616,4/21/2019 0:00,forecastValue,confidenceHighBound,confidenceLowBound,,,,,,,
1765.465,4/22/2019 0:00,forecastValue,confidenceHighBound,confidenceLowBound,,,,,,,
720.368,4/23/2019 0:00,forecastValue,confidenceHighBound,confidenceLowBound,,,,,,,
1607.1,4/24/2019 0:00,forecastValue,confidenceHighBound,confidenceLowBound,,,,,,,
108.42,4/25/2019 0:00,forecastValue,confidenceHighBound,confidenceLowBound,,,,,,,
434.646,4/26/2019 0:00,forecastValue,confidenceHighBound,confidenceLowBound,,,,,,,
486.672,4/28/2019 0:00,forecastValue,confidenceHighBound,confidenceLowBound,,,,,,,
142.208,4/30/2019 0:00,forecastValue,confidenceHighBound,confidenceLowBound,,,,,,,
517.866,5/1/2019 0:00,forecastValue,confidenceHighBound,confidenceLowBound,,,,,,,
1098.136,5/2/2019 0:00,forecastValue,confidenceHighBound,confidenceLowBound,,,,,,,
1099.013,5/3/2019 0:00,forecastValue,confidenceHighBound,confidenceLowBound,,,,,,,
2701.28,5/5/2019 0:00,forecastValue,confidenceHighBound,confidenceLowBound,,,,,,,
236.96,5/6/2019 0:00,forecastValue,confidenceHighBound,confidenceLowBound,,,,,,,
4835.976,5/7/2019 0:00,forecastValue,confidenceHighBound,confidenceLowBound,,,,,,,
1340.244,5/8/2019 0:00,forecastValue,confidenceHighBound,confidenceLowBound,,,,,,,
1283.512,5/9/2019 0:00,forecastValue,confidenceHighBound,confidenceLowBound,,,,,,,
763.02,5/10/2019 0:00,forecastValue,confidenceHighBound,confidenceLowBound,,,,,,,
5.98,5/11/2019 0:00,forecastValue,confidenceHighBound,confidenceLowBound,,,,,,,
918.878,5/12/2019 0:00,forecastValue,confidenceHighBound,confidenceLowBound,,,,,,,
455.93,5/14/2019 0:00,forecastValue,confidenceHighBound,confidenceLowBound,,,,,,,
648.912,5/15/2019 0:00,forecastValue,confidenceHighBound,confidenceLowBound,,,,,,,
880.46,5/16/2019 0:00,forecastValue,confidenceHighBound,confidenceLowBound,,,,,,,
346.922,5/17/2019 0:00,forecastValue,confidenceHighBound,confidenceLowBound,,,,,,,
122.22,5/18/2019 0:00,forecastValue,confidenceHighBound,confidenceLowBound,,,,,,,
1582.008,5/19/2019 0:00,forecastValue,confidenceHighBound,confidenceLowBound,,,,,,,
2471.913,5/20/2019 0:00,forecastValue,confidenceHighBound,confidenceLowBound,,,,,,,
2718.214,5/21/2019 0:00,forecastValue,confidenceHighBound,confidenceLowBound,,,,,,,
1799.2,5/22/2019 0:00,forecastValue,confidenceHighBound,confidenceLowBound,,,,,,,
4560.978,5/23/2019 0:00,forecastValue,confidenceHighBound,confidenceLowBound,,,,,,,
277.756,5/24/2019 0:00,forecastValue,confidenceHighBound,confidenceLowBound,,,,,,,
1311.97,5/25/2019 0:00,forecastValue,confidenceHighBound,confidenceLowBound,,,,,,,
1975.356,5/26/2019 0:00,forecastValue,confidenceHighBound,confidenceLowBound,,,,,,,
5305.078,5/27/2019 0:00,forecastValue,confidenceHighBound,confidenceLowBound,,,,,,,
2137.324,5/28/2019 0:00,forecastValue,confidenceHighBound,confidenceLowBound,,,,,,,
1063.185,5/29/2019 0:00,forecastValue,confidenceHighBound,confidenceLowBound,,,,,,,
8090.578,5/30/2019 0:00,forecastValue,confidenceHighBound,confidenceLowBound,,,,,,,
438.859,5/31/2019 0:00,forecastValue,confidenceHighBound,confidenceLowBound,,,,,,,
157.844,6/2/2019 0:00,forecastValue,confidenceHighBound,confidenceLowBound,,,,,,,
71.088,6/3/2019 0:00,forecastValue,confidenceHighBound,confidenceLowBound,,,,,,,
2316.523,6/4/2019 0:00,forecastValue,confidenceHighBound,confidenceLowBound,,,,,,,
659.82,6/5/2019 0:00,forecastValue,confidenceHighBound,confidenceLowBound,,,,,,,
6026.312,6/6/2019 0:00,forecastValue,confidenceHighBound,confidenceLowBound,,,,,,,
51.562,6/7/2019 0:00,forecastValue,confidenceHighBound,confidenceLowBound,,,,,,,
1688.472,6/9/2019 0:00,forecastValue,confidenceHighBound,confidenceLowBound,,,,,,,
1412.396,6/10/2019 0:00,forecastValue,confidenceHighBound,confidenceLowBound,,,,,,,
1623.416,6/11/2019 0:00,forecastValue,confidenceHighBound,confidenceLowBound,,,,,,,
2962.563,6/12/2019 0:00,forecastValue,confidenceHighBound,confidenceLowBound,,,,,,,
430.438,6/13/2019 0:00,forecastValue,confidenceHighBound,confidenceLowBound,,,,,,,
3457.099,6/14/2019 0:00,forecastValue,confidenceHighBound,confidenceLowBound,,,,,,,
173.488,6/15/2019 0:00,forecastValue,confidenceHighBound,confidenceLowBound,,,,,,,
147.275,6/16/2019 0:00,forecastValue,confidenceHighBound,confidenceLowBound,,,,,,,
3000.92,6/17/2019 0:00,forecastValue,confidenceHighBound,confidenceLowBound,,,,,,,
541.938,6/18/2019 0:00,forecastValue,confidenceHighBound,confidenceLowBound,,,,,,,
17.12,6/19/2019 0:00,forecastValue,confidenceHighBound,confidenceLowBound,,,,,,,
1229.548,6/20/2019 0:00,forecastValue,confidenceHighBound,confidenceLowBound,,,,,,,
577.108,6/21/2019 0:00,forecastValue,confidenceHighBound,confidenceLowBound,,,,,,,
2475.094,6/23/2019 0:00,forecastValue,confidenceHighBound,confidenceLowBound,,,,,,,
5310.952,6/24/2019 0:00,forecastValue,confidenceHighBound,confidenceLowBound,,,,,,,
893.266,6/25/2019 0:00,forecastValue,confidenceHighBound,confidenceLowBound,,,,,,,
1919.6,6/26/2019 0:00,forecastValue,confidenceHighBound,confidenceLowBound,,,,,,,
778.706,6/27/2019 0:00,forecastValue,confidenceHighBound,confidenceLowBound,,,,,,,
877.156,6/28/2019 0:00,forecastValue,confidenceHighBound,confidenceLowBound,,,,,,,
191.88,6/29/2019 0:00,forecastValue,confidenceHighBound,confidenceLowBound,,,,,,,
1352.95,6/30/2019 0:00,forecastValue,confidenceHighBound,confidenceLowBound,,,,,,,
1724.376,7/1/2019 0:00,forecastValue,confidenceHighBound,confidenceLowBound,,,,,,,
772.786,7/2/2019 0:00,forecastValue,confidenceHighBound,confidenceLowBound,,,,,,,
847.7,7/3/2019 0:00,forecastValue,confidenceHighBound,confidenceLowBound,,,,,,,
1651.301,7/4/2019 0:00,forecastValue,confidenceHighBound,confidenceLowBound,,,,,,,
3882.231,7/7/2019 0:00,forecastValue,confidenceHighBound,confidenceLowBound,,,,,,,
2616.512,7/8/2019 0:00,forecastValue,confidenceHighBound,confidenceLowBound,,,,,,,
573.286,7/9/2019 0:00,forecastValue,confidenceHighBound,confidenceLowBound,,,,,,,
895.895,7/10/2019 0:00,forecastValue,confidenceHighBound,confidenceLowBound,,,,,,,
95.76,7/12/2019 0:00,forecastValue,confidenceHighBound,confidenceLowBound,,,,,,,
2149.96,7/14/2019 0:00,forecastValue,confidenceHighBound,confidenceLowBound,,,,,,,
380.2,7/15/2019 0:00,forecastValue,confidenceHighBound,confidenceLowBound,,,,,,,
910.17,7/16/2019 0:00,forecastValue,confidenceHighBound,confidenceLowBound,,,,,,,
2184.88,7/17/2019 0:00,forecastValue,confidenceHighBound,confidenceLowBound,,,,,,,
2891.858,7/18/2019 0:00,forecastValue,confidenceHighBound,confidenceLowBound,,,,,,,
1536.454,7/19/2019 0:00,forecastValue,confidenceHighBound,confidenceLowBound,,,,,,,
89.95,7/20/2019 0:00,forecastValue,confidenceHighBound,confidenceLowBound,,,,,,,
991.095,7/21/2019 0:00,forecastValue,confidenceHighBound,confidenceLowBound,,,,,,,
1368.048,7/22/2019 0:00,forecastValue,confidenceHighBound,confidenceLowBound,,,,,,,
654.587,7/23/2019 0:00,forecastValue,confidenceHighBound,confidenceLowBound,,,,,,,
326.964,7/24/2019 0:00,forecastValue,confidenceHighBound,confidenceLowBound,,,,,,,
5920.488,7/25/2019 0:00,forecastValue,confidenceHighBound,confidenceLowBound,,,,,,,
2033.374,7/28/2019 0:00,forecastValue,confidenceHighBound,confidenceLowBound,,,,,,,
819.154,7/29/2019 0:00,forecastValue,confidenceHighBound,confidenceLowBound,,,,,,,
1770.776,7/30/2019 0:00,forecastValue,confidenceHighBound,confidenceLowBound,,,,,,,
2174.158,7/31/2019 0:00,forecastValue,confidenceHighBound,confidenceLowBound,,,,,,,
1124.648,8/1/2019 0:00,forecastValue,confidenceHighBound,confidenceLowBound,,,,,,,
482.584,8/2/2019 0:00,forecastValue,confidenceHighBound,confidenceLowBound,,,,,,,
248.82,8/3/2019 0:00,forecastValue,confidenceHighBound,confidenceLowBound,,,,,,,
497.91,8/4/2019 0:00,forecastValue,confidenceHighBound,confidenceLowBound,,,,,,,
197.05,8/5/2019 0:00,forecastValue,confidenceHighBound,confidenceLowBound,,,,,,,
320.388,8/6/2019 0:00,forecastValue,confidenceHighBound,confidenceLowBound,,,,,,,
179.97,8/7/2019 0:00,forecastValue,confidenceHighBound,confidenceLowBound,,,,,,,
1115.204,8/8/2019 0:00,forecastValue,confidenceHighBound,confidenceLowBound,,,,,,,
661.354,8/9/2019 0:00,forecastValue,confidenceHighBound,confidenceLowBound,,,,,,,
151.82,8/11/2019 0:00,forecastValue,confidenceHighBound,confidenceLowBound,,,,,,,
3951.9605,8/12/2019 0:00,forecastValue,confidenceHighBound,confidenceLowBound,,,,,,,
731.524,8/13/2019 0:00,forecastValue,confidenceHighBound,confidenceLowBound,,,,,,,
923.688,8/14/2019 0:00,forecastValue,confidenceHighBound,confidenceLowBound,,,,,,,
1680.266,8/15/2019 0:00,forecastValue,confidenceHighBound,confidenceLowBound,,,,,,,
204.54,8/16/2019 0:00,forecastValue,confidenceHighBound,confidenceLowBound,,,,,,,
15.712,8/17/2019 0:00,forecastValue,confidenceHighBound,confidenceLowBound,,,,,,,
496.114,8/18/2019 0:00,forecastValue,confidenceHighBound,confidenceLowBound,,,,,,,
448.792,8/19/2019 0:00,forecastValue,confidenceHighBound,confidenceLowBound,,,,,,,
14.78,8/20/2019 0:00,forecastValue,confidenceHighBound,confidenceLowBound,,,,,,,
4798.292,8/21/2019 0:00,forecastValue,confidenceHighBound,confidenceLowBound,,,,,,,
405.35,8/22/2019 0:00,forecastValue,confidenceHighBound,confidenceLowBound,,,,,,,
4187.348,8/23/2019 0:00,forecastValue,confidenceHighBound,confidenceLowBound,,,,,,,
4874.298,8/26/2019 0:00,forecastValue,confidenceHighBound,confidenceLowBound,,,,,,,
767.911,8/27/2019 0:00,forecastValue,confidenceHighBound,confidenceLowBound,,,,,,,
322.0248,8/28/2019 0:00,forecastValue,confidenceHighBound,confidenceLowBound,,,,,,,
632.188,8/29/2019 0:00,forecastValue,confidenceHighBound,confidenceLowBound,,,,,,,
1656.87,8/30/2019 0:00,forecastValue,confidenceHighBound,confidenceLowBound,,,,,,,
23.968,8/31/2019 0:00,forecastValue,confidenceHighBound,confidenceLowBound,,,,,,,
5766.152,9/1/2019 0:00,forecastValue,confidenceHighBound,confidenceLowBound,,,,,,,
6792.193,9/2/2019 0:00,forecastValue,confidenceHighBound,confidenceLowBound,,,,,,,
2365.596,9/3/2019 0:00,forecastValue,confidenceHighBound,confidenceLowBound,,,,,,,
4532.042,9/4/2019 0:00,forecastValue,confidenceHighBound,confidenceLowBound,,,,,,,
5226.348,9/5/2019 0:00,forecastValue,confidenceHighBound,confidenceLowBound,,,,,,,
1313.536,9/6/2019 0:00,forecastValue,confidenceHighBound,confidenceLowBound,,,,,,,
4493.9836,9/8/2019 0:00,forecastValue,confidenceHighBound,confidenceLowBound,,,,,,,
84.992,9/9/2019 0:00,forecastValue,confidenceHighBound,confidenceLowBound,,,,,,,
2094.324,9/10/2019 0:00,forecastValue,confidenceHighBound,confidenceLowBound,,,,,,,
6501.586,9/11/2019 0:00,forecastValue,confidenceHighBound,confidenceLowBound,,,,,,,
2043.792,9/12/2019 0:00,forecastValue,confidenceHighBound,confidenceLowBound,,,,,,,
2374.73,9/13/2019 0:00,forecastValue,confidenceHighBound,confidenceLowBound,,,,,,,
1137.338,9/14/2019 0:00,forecastValue,confidenceHighBound,confidenceLowBound,,,,,,,
2101.182,9/15/2019 0:00,forecastValue,confidenceHighBound,confidenceLowBound,,,,,,,
425.886,9/16/2019 0:00,forecastValue,confidenceHighBound,confidenceLowBound,,,,,,,
2043.126,9/17/2019 0:00,forecastValue,confidenceHighBound,confidenceLowBound,,,,,,,
4751.082,9/18/2019 0:00,forecastValue,confidenceHighBound,confidenceLowBound,,,,,,,
3839.312,9/19/2019 0:00,forecastValue,confidenceHighBound,confidenceLowBound,,,,,,,
1232.004,9/20/2019 0:00,forecastValue,confidenceHighBound,confidenceLowBound,,,,,,,
615.57,9/22/2019 0:00,forecastValue,confidenceHighBound,confidenceLowBound,,,,,,,
1322.145,9/23/2019 0:00,forecastValue,confidenceHighBound,confidenceLowBound,,,,,,,
2286.05,9/24/2019 0:00,forecastValue,confidenceHighBound,confidenceLowBound,,,,,,,
3443.091,9/25/2019 0:00,forecastValue,confidenceHighBound,confidenceLowBound,,,,,,,
2698.1665,9/26/2019 0:00,forecastValue,confidenceHighBound,confidenceLowBound,,,,,,,
1992.9858,9/27/2019 0:00,forecastValue,confidenceHighBound,confidenceLowBound,,,,,,,
99.136,9/28/2019 0:00,forecastValue,confidenceHighBound,confidenceLowBound,,,,,,,
1307.792,9/29/2019 0:00,forecastValue,confidenceHighBound,confidenceLowBound,,,,,,,
525.884,9/30/2019 0:00,forecastValue,confidenceHighBound,confidenceLowBound,,,,,,,
781.414,10/1/2019 0:00,forecastValue,confidenceHighBound,confidenceLowBound,,,,,,,
1452.972,10/2/2019 0:00,forecastValue,confidenceHighBound,confidenceLowBound,,,,,,,
1680.696,10/3/2019 0:00,forecastValue,confidenceHighBound,confidenceLowBound,,,,,,,
5912.782,10/4/2019 0:00,forecastValue,confidenceHighBound,confidenceLowBound,,,,,,,
830.4,10/6/2019 0:00,forecastValue,confidenceHighBound,confidenceLowBound,,,,,,,
973.712,10/7/2019 0:00,forecastValue,confidenceHighBound,confidenceLowBound,,,,,,,
561.536,10/8/2019 0:00,forecastValue,confidenceHighBound,confidenceLowBound,,,,,,,
546.92,10/9/2019 0:00,forecastValue,confidenceHighBound,confidenceLowBound,,,,,,,
282.753,10/10/2019 0:00,forecastValue,confidenceHighBound,confidenceLowBound,,,,,,,
33.064,10/11/2019 0:00,forecastValue,confidenceHighBound,confidenceLowBound,,,,,,,
1650.618,10/13/2019 0:00,forecastValue,confidenceHighBound,confidenceLowBound,,,,,,,
3335.888,10/14/2019 0:00,forecastValue,confidenceHighBound,confidenceLowBound,,,,,,,
1620.15,10/15/2019 0:00,forecastValue,confidenceHighBound,confidenceLowBound,,,,,,,
142.182,10/16/2019 0:00,forecastValue,confidenceHighBound,confidenceLowBound,,,,,,,
2953.346,10/17/2019 0:00,forecastValue,confidenceHighBound,confidenceLowBound,,,,,,,
307.92,10/18/2019 0:00,forecastValue,confidenceHighBound,confidenceLowBound,,,,,,,
946.174,10/20/2019 0:00,forecastValue,confidenceHighBound,confidenceLowBound,,,,,,,
7951.592,10/21/2019 0:00,forecastValue,confidenceHighBound,confidenceLowBound,,,,,,,
188.28,10/22/2019 0:00,forecastValue,confidenceHighBound,confidenceLowBound,,,,,,,
467.422,10/23/2019 0:00,forecastValue,confidenceHighBound,confidenceLowBound,,,,,,,
1365.498,10/24/2019 0:00,forecastValue,confidenceHighBound,confidenceLowBound,,,,,,,
783.96,10/25/2019 0:00,forecastValue,confidenceHighBound,confidenceLowBound,,,,,,,
978.79,10/27/2019 0:00,forecastValue,confidenceHighBound,confidenceLowBound,,,,,,,
2899.021,10/28/2019 0:00,forecastValue,confidenceHighBound,confidenceLowBound,,,,,,,
131.154,10/29/2019 0:00,forecastValue,confidenceHighBound,confidenceLowBound,,,,,,,
159.002,10/30/2019 0:00,forecastValue,confidenceHighBound,confidenceLowBound,,,,,,,
3750.499,10/31/2019 0:00,forecastValue,confidenceHighBound,confidenceLowBound,,,,,,,
453.374,11/1/2019 0:00,forecastValue,confidenceHighBound,confidenceLowBound,,,,,,,
3802.796,11/3/2019 0:00,forecastValue,confidenceHighBound,confidenceLowBound,,,,,,,
3888.818,11/4/2019 0:00,forecastValue,confidenceHighBound,confidenceLowBound,,,,,,,
4266.8988,11/5/2019 0:00,forecastValue,confidenceHighBound,confidenceLowBound,,,,,,,
773.256,11/6/2019 0:00,forecastValue,confidenceHighBound,confidenceLowBound,,,,,,,
3810.464,11/7/2019 0:00,forecastValue,confidenceHighBound,confidenceLowBound,,,,,,,
993.9,11/8/2019 0:00,forecastValue,confidenceHighBound,confidenceLowBound,,,,,,,
479.97,11/9/2019 0:00,forecastValue,confidenceHighBound,confidenceLowBound,,,,,,,
4723.478,11/10/2019 0:00,forecastValue,confidenceHighBound,confidenceLowBound,,,,,,,
4944.296,11/11/2019 0:00,forecastValue,confidenceHighBound,confidenceLowBound,,,,,,,
4914.938,11/12/2019 0:00,forecastValue,confidenceHighBound,confidenceLowBound,,,,,,,
2945.138,11/13/2019 0:00,forecastValue,confidenceHighBound,confidenceLowBound,,,,,,,
2774.062,11/14/2019 0:00,forecastValue,confidenceHighBound,confidenceLowBound,,,,,,,
2145.718,11/15/2019 0:00,forecastValue,confidenceHighBound,confidenceLowBound,,,,,,,
36.72,11/16/2019 0:00,forecastValue,confidenceHighBound,confidenceLowBound,,,,,,,
142.684,11/17/2019 0:00,forecastValue,confidenceHighBound,confidenceLowBound,,,,,,,
3958.932,11/18/2019 0:00,forecastValue,confidenceHighBound,confidenceLowBound,,,,,,,
638.462,11/19/2019 0:00,forecastValue,confidenceHighBound,confidenceLowBound,,,,,,,
3070.333,11/20/2019 0:00,forecastValue,confidenceHighBound,confidenceLowBound,,,,,,,
1176.891,11/21/2019 0:00,forecastValue,confidenceHighBound,confidenceLowBound,,,,,,,
317.044,11/22/2019 0:00,forecastValue,confidenceHighBound,confidenceLowBound,,,,,,,
100.616,11/23/2019 0:00,forecastValue,confidenceHighBound,confidenceLowBound,,,,,,,
6394.538,11/24/2019 0:00,forecastValue,confidenceHighBound,confidenceLowBound,,,,,,,
7978.551,11/25/2019 0:00,forecastValue,confidenceHighBound,confidenceLowBound,,,,,,,
8329.743,11/26/2019 0:00,forecastValue,confidenceHighBound,confidenceLowBound,,,,,,,
1651.239,11/27/2019 0:00,forecastValue,confidenceHighBound,confidenceLowBound,,,,,,,
3428.372,11/28/2019 0:00,forecastValue,confidenceHighBound,confidenceLowBound,,,,,,,
300.592,11/29/2019 0:00,forecastValue,confidenceHighBound,confidenceLowBound,,,,,,,
970.142,11/30/2019 0:00,forecastValue,confidenceHighBound,confidenceLowBound,,,,,,,
6365.455,12/1/2019 0:00,forecastValue,confidenceHighBound,confidenceLowBound,,,,,,,
1984.616,12/2/2019 0:00,forecastValue,confidenceHighBound,confidenceLowBound,,,,,,,
5269.816,12/3/2019 0:00,forecastValue,confidenceHighBound,confidenceLowBound,,,,,,,
944.286,12/4/2019 0:00,forecastValue,confidenceHighBound,confidenceLowBound,,,,,,,
4267.004,12/5/2019 0:00,forecastValue,confidenceHighBound,confidenceLowBound,,,,,,,
3878.276,12/6/2019 0:00,forecastValue,confidenceHighBound,confidenceLowBound,,,,,,,
3709.095,12/8/2019 0:00,forecastValue,confidenceHighBound,confidenceLowBound,,,,,,,
1855.483,12/9/2019 0:00,forecastValue,confidenceHighBound,confidenceLowBound,,,,,,,
3459.71,12/10/2019 0:00,forecastValue,confidenceHighBound,confidenceLowBound,,,,,,,
6102.25,12/11/2019 0:00,forecastValue,confidenceHighBound,confidenceLowBound,,,,,,,
1981.115,12/12/2019 0:00,forecastValue,confidenceHighBound,confidenceLowBound,,,,,,,
1194.088,12/13/2019 0:00,forecastValue,confidenceHighBound,confidenceLowBound,,,,,,,
828.654,12/14/2019 0:00,forecastValue,confidenceHighBound,confidenceLowBound,,,,,,,
2637.087,12/15/2019 0:00,forecastValue,confidenceHighBound,confidenceLowBound,,,,,,,
628.542,12/16/2019 0:00,forecastValue,confidenceHighBound,confidenceLowBound,,,,,,,
4185.134,12/17/2019 0:00,forecastValue,confidenceHighBound,confidenceLowBound,,,,,,,
7051.35,12/18/2019 0:00,forecastValue,confidenceHighBound,confidenceLowBound,,,,,,,
815.112,12/19/2019 0:00,forecastValue,confidenceHighBound,confidenceLowBound,,,,,,,
134.54,12/20/2019 0:00,forecastValue,confidenceHighBound,confidenceLowBound,,,,,,,
1043.128,12/22/2019 0:00,forecastValue,confidenceHighBound,confidenceLowBound,,,,,,,
5065.857,12/23/2019 0:00,forecastValue,confidenceHighBound,confidenceLowBound,,,,,,,
1938.26,12/24/2019 0:00,forecastValue,confidenceHighBound,confidenceLowBound,,,,,,,
7488.055,12/25/2019 0:00,forecastValue,confidenceHighBound,confidenceLowBound,,,,,,,
1829.418,12/26/2019 0:00,forecastValue,confidenceHighBound,confidenceLowBound,,,,,,,
959.49,12/27/2019 0:00,forecastValue,confidenceHighBound,confidenceLowBound,,,,,,,
1277.68,12/29/2019 0:00,forecastValue,confidenceHighBound,confidenceLowBound,,,,,,,
773.774,12/30/2019 0:00,forecastValue,confidenceHighBound,confidenceLowBound,,,,,,,
731.768,12/31/2019 0:00,forecastValue,confidenceHighBound,confidenceLowBound,,,,,,,
2162.828,1/1/2020 0:00,forecastValue,confidenceHighBound,confidenceLowBound,,,,,,,
2632.554,1/2/2020 0:00,forecastValue,confidenceHighBound,confidenceLowBound,,,,,,,
2319.272,1/3/2020 0:00,forecastValue,confidenceHighBound,confidenceLowBound,,,,,,,
147.74,1/6/2020 0:00,forecastValue,confidenceHighBound,confidenceLowBound,,,,,,,
3742.59,1/7/2020 0:00,forecastValue,confidenceHighBound,confidenceLowBound,,,,,,,
930.98,1/8/2020 0:00,forecastValue,confidenceHighBound,confidenceLowBound,,,,,,,
311.491,1/9/2020 0:00,forecastValue,confidenceHighBound,confidenceLowBound,,,,,,,
1190.52,1/12/2020 0:00,forecastValue,confidenceHighBound,confidenceLowBound,,,,,,,
4833.33,1/13/2020 0:00,forecastValue,confidenceHighBound,confidenceLowBound,,,,,,,
2513.038,1/14/2020 0:00,forecastValue,confidenceHighBound,confidenceLowBound,,,,,,,
2802.28,1/15/2020 0:00,forecastValue,confidenceHighBound,confidenceLowBound,,,,,,,
6542.292,1/16/2020 0:00,forecastValue,confidenceHighBound,confidenceLowBound,,,,,,,
2616.715,1/19/2020 0:00,forecastValue,confidenceHighBound,confidenceLowBound,,,,,,,
1199.838,1/20/2020 0:00,forecastValue,confidenceHighBound,confidenceLowBound,,,,,,,
3198.643,1/21/2020 0:00,forecastValue,confidenceHighBound,confidenceLowBound,,,,,,,
4656.372,1/22/2020 0:00,forecastValue,confidenceHighBound,confidenceLowBound,,,,,,,
965.334,1/23/2020 0:00,forecastValue,confidenceHighBound,confidenceLowBound,,,,,,,
691.666,1/24/2020 0:00,forecastValue,confidenceHighBound,confidenceLowBound,,,,,,,
3524.28,1/26/2020 0:00,forecastValue,confidenceHighBound,confidenceLowBound,,,,,,,
573.914,1/27/2020 0:00,forecastValue,confidenceHighBound,confidenceLowBound,,,,,,,
1184.52,1/28/2020 0:00,forecastValue,confidenceHighBound,confidenceLowBound,,,,,,,
1193.842,1/29/2020 0:00,forecastValue,confidenceHighBound,confidenceLowBound,,,,,,,
4829.335,1/30/2020 0:00,forecastValue,confidenceHighBound,confidenceLowBound,,,,,,,
5652.354,2/2/2020 0:00,forecastValue,confidenceHighBound,confidenceLowBound,,,,,,,
5458.327,2/3/2020 0:00,forecastValue,confidenceHighBound,confidenceLowBound,,,,,,,
138.67,2/4/2020 0:00,forecastValue,confidenceHighBound,confidenceLowBound,,,,,,,
4573.012,2/5/2020 0:00,forecastValue,confidenceHighBound,confidenceLowBound,,,,,,,
1155.354,2/6/2020 0:00,forecastValue,confidenceHighBound,confidenceLowBound,,,,,,,
3201.764,2/9/2020 0:00,forecastValue,confidenceHighBound,confidenceLowBound,,,,,,,
2185.103,2/10/2020 0:00,forecastValue,confidenceHighBound,confidenceLowBound,,,,,,,
3054.516,2/11/2020 0:00,forecastValue,confidenceHighBound,confidenceLowBound,,,,,,,
2351.43,2/13/2020 0:00,forecastValue,confidenceHighBound,confidenceLowBound,,,,,,,
2731.442,2/16/2020 0:00,forecastValue,confidenceHighBound,confidenceLowBound,,,,,,,
3714.8174,2/17/2020 0:00,forecastValue,confidenceHighBound,confidenceLowBound,,,,,,,
429.326,2/18/2020 0:00,forecastValue,confidenceHighBound,confidenceLowBound,,,,,,,
2336.59,2/19/2020 0:00,forecastValue,confidenceHighBound,confidenceLowBound,,,,,,,
4718.29,2/20/2020 0:00,forecastValue,confidenceHighBound,confidenceLowBound,,,,,,,
973.904,2/21/2020 0:00,forecastValue,confidenceHighBound,confidenceLowBound,,,,,,,
1632.8,2/23/2020 0:00,forecastValue,confidenceHighBound,confidenceLowBound,,,,,,,
1619.676,2/24/2020 0:00,forecastValue,confidenceHighBound,confidenceLowBound,,,,,,,
1006.492,2/25/2020 0:00,forecastValue,confidenceHighBound,confidenceLowBound,,,,,,,
3270.646,2/26/2020 0:00,forecastValue,confidenceHighBound,confidenceLowBound,,,,,,,
1863.62,2/28/2020 0:00,forecastValue,confidenceHighBound,confidenceLowBound,,,,,,,
2116.126,3/2/2020 0:00,forecastValue,confidenceHighBound,confidenceLowBound,,,,,,,
2277.104,3/3/2020 0:00,forecastValue,confidenceHighBound,confidenceLowBound,,,,,,,
715.822,3/4/2020 0:00,forecastValue,confidenceHighBound,confidenceLowBound,,,,,,,
1817.02,3/5/2020 0:00,forecastValue,confidenceHighBound,confidenceLowBound,,,,,,,
1631.236,3/6/2020 0:00,forecastValue,confidenceHighBound,confidenceLowBound,,,,,,,
374.59,3/7/2020 0:00,forecastValue,confidenceHighBound,confidenceLowBound,,,,,,,
1055.1,3/8/2020 0:00,forecastValue,confidenceHighBound,confidenceLowBound,,,,,,,
869.804,3/9/2020 0:00,forecastValue,confidenceHighBound,confidenceLowBound,,,,,,,
1952.952,3/10/2020 0:00,forecastValue,confidenceHighBound,confidenceLowBound,,,,,,,
2386.708,3/11/2020 0:00,forecastValue,confidenceHighBound,confidenceLowBound,,,,,,,
499.28,3/12/2020 0:00,forecastValue,confidenceHighBound,confidenceLowBound,,,,,,,
6049.35,3/13/2020 0:00,forecastValue,confidenceHighBound,confidenceLowBound,,,,,,,
121.616,3/14/2020 0:00,forecastValue,confidenceHighBound,confidenceLowBound,,,,,,,
2945.381,3/16/2020 0:00,forecastValue,confidenceHighBound,confidenceLowBound,,,,,,,
1633.746,3/17/2020 0:00,forecastValue,confidenceHighBound,confidenceLowBound,,,,,,,
1726.758,3/18/2020 0:00,forecastValue,confidenceHighBound,confidenceLowBound,,,,,,,
2996.248,3/19/2020 0:00,forecastValue,confidenceHighBound,confidenceLowBound,,,,,,,
1289.568,3/20/2020 0:00,forecastValue,confidenceHighBound,confidenceLowBound,,,,,,,
4235.636,3/21/2020 0:00,forecastValue,confidenceHighBound,confidenceLowBound,,,,,,,
4740.068,3/23/2020 0:00,forecastValue,confidenceHighBound,confidenceLowBound,,,,,,,
1628.298,3/24/2020 0:00,forecastValue,confidenceHighBound,confidenceLowBound,,,,,,,
4251.026,3/25/2020 0:00,forecastValue,confidenceHighBound,confidenceLowBound,,,,,,,
3830.88,3/26/2020 0:00,forecastValue,confidenceHighBound,confidenceLowBound,,,,,,,
3855.516,3/27/2020 0:00,forecastValue,confidenceHighBound,confidenceLowBound,,,,,,,
2153.702,3/28/2020 0:00,forecastValue,confidenceHighBound,confidenceLowBound,,,,,,,
163.4,3/29/2020 0:00,forecastValue,confidenceHighBound,confidenceLowBound,,,,,,,
1021.407,3/30/2020 0:00,forecastValue,confidenceHighBound,confidenceLowBound,,,,,,,
5891.0108,3/31/2020 0:00,forecastValue,confidenceHighBound,confidenceLowBound,,,,,,,
6741.988,4/1/2020 0:00,forecastValue,confidenceHighBound,confidenceLowBound,,,,,,,
1189.97,4/2/2020 0:00,forecastValue,confidenceHighBound,confidenceLowBound,,,,,,,
192.528,4/3/2020 0:00,forecastValue,confidenceHighBound,confidenceLowBound,,,,,,,
1162.47,4/4/2020 0:00,forecastValue,confidenceHighBound,confidenceLowBound,,,,,,,
261.42,4/6/2020 0:00,forecastValue,confidenceHighBound,confidenceLowBound,,,,,,,
2278.2905,4/7/2020 0:00,forecastValue,confidenceHighBound,confidenceLowBound,,,,,,,
6749.93,4/8/2020 0:00,forecastValue,confidenceHighBound,confidenceLowBound,,,,,,,
2484.71,4/9/2020 0:00,forecastValue,confidenceHighBound,confidenceLowBound,,,,,,,
1470.529,4/10/2020 0:00,forecastValue,confidenceHighBound,confidenceLowBound,,,,,,,
928.806,4/11/2020 0:00,forecastValue,confidenceHighBound,confidenceLowBound,,,,,,,
306.66,4/12/2020 0:00,forecastValue,confidenceHighBound,confidenceLowBound,,,,,,,
1585.824,4/13/2020 0:00,forecastValue,confidenceHighBound,confidenceLowBound,,,,,,,
1199.93,4/14/2020 0:00,forecastValue,confidenceHighBound,confidenceLowBound,,,,,,,
744.338,4/15/2020 0:00,forecastValue,confidenceHighBound,confidenceLowBound,,,,,,,
1705.429,4/16/2020 0:00,forecastValue,confidenceHighBound,confidenceLowBound,,,,,,,
4474.459,4/17/2020 0:00,forecastValue,confidenceHighBound,confidenceLowBound,,,,,,,
2905.24,4/20/2020 0:00,forecastValue,confidenceHighBound,confidenceLowBound,,,,,,,
1785.564,4/21/2020 0:00,forecastValue,confidenceHighBound,confidenceLowBound,,,,,,,
1063.692,4/22/2020 0:00,forecastValue,confidenceHighBound,confidenceLowBound,,,,,,,
2229.222,4/23/2020 0:00,forecastValue,confidenceHighBound,confidenceLowBound,,,,,,,
1499.558,4/24/2020 0:00,forecastValue,confidenceHighBound,confidenceLowBound,,,,,,,
1284.113,4/25/2020 0:00,forecastValue,confidenceHighBound,confidenceLowBound,,,,,,,
335.608,4/26/2020 0:00,forecastValue,confidenceHighBound,confidenceLowBound,,,,,,,
998.5756,4/27/2020 0:00,forecastValue,confidenceHighBound,confidenceLowBound,,,,,,,
1141.296,4/28/2020 0:00,forecastValue,confidenceHighBound,confidenceLowBound,,,,,,,
1195.26,4/29/2020 0:00,forecastValue,confidenceHighBound,confidenceLowBound,,,,,,,
2892.126,4/30/2020 0:00,forecastValue,confidenceHighBound,confidenceLowBound,,,,,,,
5415.37,5/1/2020 0:00,forecastValue,confidenceHighBound,confidenceLowBound,,,,,,,
738.11,5/2/2020 0:00,forecastValue,confidenceHighBound,confidenceLowBound,,,,,,,
2167.346,5/3/2020 0:00,forecastValue,confidenceHighBound,confidenceLowBound,,,,,,,
2172.405,5/4/2020 0:00,forecastValue,confidenceHighBound,confidenceLowBound,,,,,,,
784.123,5/5/2020 0:00,forecastValue,confidenceHighBound,confidenceLowBound,,,,,,,
3890.3698,5/6/2020 0:00,forecastValue,confidenceHighBound,confidenceLowBound,,,,,,,
2945.468,5/7/2020 0:00,forecastValue,confidenceHighBound,confidenceLowBound,,,,,,,
3986.554,5/8/2020 0:00,forecastValue,confidenceHighBound,confidenceLowBound,,,,,,,
1338.222,5/9/2020 0:00,forecastValue,confidenceHighBound,confidenceLowBound,,,,,,,
1113.469,5/11/2020 0:00,forecastValue,confidenceHighBound,confidenceLowBound,,,,,,,
1890.384,5/12/2020 0:00,forecastValue,confidenceHighBound,confidenceLowBound,,,,,,,
3480.378,5/13/2020 0:00,forecastValue,confidenceHighBound,confidenceLowBound,,,,,,,
5737.062,5/14/2020 0:00,forecastValue,confidenceHighBound,confidenceLowBound,,,,,,,
1167.264,5/15/2020 0:00,forecastValue,confidenceHighBound,confidenceLowBound,,,,,,,
237.024,5/16/2020 0:00,forecastValue,confidenceHighBound,confidenceLowBound,,,,,,,
3157.508,5/18/2020 0:00,forecastValue,confidenceHighBound,confidenceLowBound,,,,,,,
5961.182,5/19/2020 0:00,forecastValue,confidenceHighBound,confidenceLowBound,,,,,,,
3881.578,5/20/2020 0:00,forecastValue,confidenceHighBound,confidenceLowBound,,,,,,,
636.02,5/21/2020 0:00,forecastValue,confidenceHighBound,confidenceLowBound,,,,,,,
921.562,5/22/2020 0:00,forecastValue,confidenceHighBound,confidenceLowBound,,,,,,,
686.436,5/23/2020 0:00,forecastValue,confidenceHighBound,confidenceLowBound,,,,,,,
1342.026,5/25/2020 0:00,forecastValue,confidenceHighBound,confidenceLowBound,,,,,,,
583.24,5/26/2020 0:00,forecastValue,confidenceHighBound,confidenceLowBound,,,,,,,
2869.908,5/27/2020 0:00,forecastValue,confidenceHighBound,confidenceLowBound,,,,,,,
2097.103,5/28/2020 0:00,forecastValue,confidenceHighBound,confidenceLowBound,,,,,,,
3338.108,5/29/2020 0:00,forecastValue,confidenceHighBound,confidenceLowBound,,,,,,,
4211.8904,5/30/2020 0:00,forecastValue,confidenceHighBound,confidenceLowBound,,,,,,,
5836.362,6/1/2020 0:00,forecastValue,confidenceHighBound,confidenceLowBound,,,,,,,
742.706,6/2/2020 0:00,forecastValue,confidenceHighBound,confidenceLowBound,,,,,,,
4053.036,6/3/2020 0:00,forecastValue,confidenceHighBound,confidenceLowBound,,,,,,,
1034.414,6/4/2020 0:00,forecastValue,confidenceHighBound,confidenceLowBound,,,,,,,
639.112,6/5/2020 0:00,forecastValue,confidenceHighBound,confidenceLowBound,,,,,,,
226.35,6/6/2020 0:00,forecastValue,confidenceHighBound,confidenceLowBound,,,,,,,
3109.038,6/8/2020 0:00,forecastValue,confidenceHighBound,confidenceLowBound,,,,,,,
1295.133,6/9/2020 0:00,forecastValue,confidenceHighBound,confidenceLowBound,,,,,,,
3462.343,6/10/2020 0:00,forecastValue,confidenceHighBound,confidenceLowBound,,,,,,,
2476.894,6/11/2020 0:00,forecastValue,confidenceHighBound,confidenceLowBound,,,,,,,
2450.968,6/12/2020 0:00,forecastValue,confidenceHighBound,confidenceLowBound,,,,,,,
1381.018,6/13/2020 0:00,forecastValue,confidenceHighBound,confidenceLowBound,,,,,,,
4931.51,6/15/2020 0:00,forecastValue,confidenceHighBound,confidenceLowBound,,,,,,,
3671.194,6/16/2020 0:00,forecastValue,confidenceHighBound,confidenceLowBound,,,,,,,
4601.672,6/17/2020 0:00,forecastValue,confidenceHighBound,confidenceLowBound,,,,,,,
1228.1555,6/18/2020 0:00,forecastValue,confidenceHighBound,confidenceLowBound,,,,,,,
3133.941,6/19/2020 0:00,forecastValue,confidenceHighBound,confidenceLowBound,,,,,,,
1691.228,6/20/2020 0:00,forecastValue,confidenceHighBound,confidenceLowBound,,,,,,,
966.656,6/21/2020 0:00,forecastValue,confidenceHighBound,confidenceLowBound,,,,,,,
1102.019,6/22/2020 0:00,forecastValue,confidenceHighBound,confidenceLowBound,,,,,,,
1853.614,6/24/2020 0:00,forecastValue,confidenceHighBound,confidenceLowBound,,,,,,,
1854.352,6/25/2020 0:00,forecastValue,confidenceHighBound,confidenceLowBound,,,,,,,
4934.136,6/26/2020 0:00,forecastValue,confidenceHighBound,confidenceLowBound,,,,,,,
1941.906,6/27/2020 0:00,forecastValue,confidenceHighBound,confidenceLowBound,,,,,,,
5414.9912,6/29/2020 0:00,forecastValue,confidenceHighBound,confidenceLowBound,,,,,,,
5209.977,6/30/2020 0:00,forecastValue,confidenceHighBound,confidenceLowBound,,,,,,,
796.83,7/1/2020 0:00,forecastValue,confidenceHighBound,confidenceLowBound,,,,,,,
320.192,7/2/2020 0:00,forecastValue,confidenceHighBound,confidenceLowBound,,,,,,,
8148.404,7/3/2020 0:00,forecastValue,confidenceHighBound,confidenceLowBound,,,,,,,
927.354,7/5/2020 0:00,forecastValue,confidenceHighBound,confidenceLowBound,,,,,,,
642.378,7/6/2020 0:00,forecastValue,confidenceHighBound,confidenceLowBound,,,,,,,
2269.25,7/7/2020 0:00,forecastValue,confidenceHighBound,confidenceLowBound,,,,,,,
3374.264,7/8/2020 0:00,forecastValue,confidenceHighBound,confidenceLowBound,,,,,,,
2114.214,7/9/2020 0:00,forecastValue,confidenceHighBound,confidenceLowBound,,,,,,,
570.214,7/10/2020 0:00,forecastValue,confidenceHighBound,confidenceLowBound,,,,,,,
2179.892,7/11/2020 0:00,forecastValue,confidenceHighBound,confidenceLowBound,,,,,,,
89.816,7/12/2020 0:00,forecastValue,confidenceHighBound,confidenceLowBound,,,,,,,
699.542,7/13/2020 0:00,forecastValue,confidenceHighBound,confidenceLowBound,,,,,,,
4349.934,7/14/2020 0:00,forecastValue,confidenceHighBound,confidenceLowBound,,,,,,,
2836.229,7/15/2020 0:00,forecastValue,confidenceHighBound,confidenceLowBound,,,,,,,
497.636,7/16/2020 0:00,forecastValue,confidenceHighBound,confidenceLowBound,,,,,,,
2714.873,7/17/2020 0:00,forecastValue,confidenceHighBound,confidenceLowBound,,,,,,,
2559.794,7/18/2020 0:00,forecastValue,confidenceHighBound,confidenceLowBound,,,,,,,
3040.208,7/20/2020 0:00,forecastValue,confidenceHighBound,confidenceLowBound,,,,,,,
5170.944,7/21/2020 0:00,forecastValue,confidenceHighBound,confidenceLowBound,,,,,,,
674.314,7/22/2020 0:00,forecastValue,confidenceHighBound,confidenceLowBound,,,,,,,
1665.188,7/23/2020 0:00,forecastValue,confidenceHighBound,confidenceLowBound,,,,,,,
2441.96,7/24/2020 0:00,forecastValue,confidenceHighBound,confidenceLowBound,,,,,,,
1465.742,7/25/2020 0:00,forecastValue,confidenceHighBound,confidenceLowBound,,,,,,,
2091.302,7/26/2020 0:00,forecastValue,confidenceHighBound,confidenceLowBound,,,,,,,
1661.68,7/27/2020 0:00,forecastValue,confidenceHighBound,confidenceLowBound,,,,,,,
1443.564,7/28/2020 0:00,forecastValue,confidenceHighBound,confidenceLowBound,,,,,,,
2109.294,7/29/2020 0:00,forecastValue,confidenceHighBound,confidenceLowBound,,,,,,,
762.376,7/30/2020 0:00,forecastValue,confidenceHighBound,confidenceLowBound,,,,,,,
2460.028,7/31/2020 0:00,forecastValue,confidenceHighBound,confidenceLowBound,,,,,,,
2379.65,8/1/2020 0:00,forecastValue,confidenceHighBound,confidenceLowBound,,,,,,,
1032.348,8/3/2020 0:00,forecastValue,confidenceHighBound,confidenceLowBound,,,,,,,
364.07,8/4/2020 0:00,forecastValue,confidenceHighBound,confidenceLowBound,,,,,,,
765.676,8/5/2020 0:00,forecastValue,confidenceHighBound,confidenceLowBound,,,,,,,
1808.026,8/6/2020 0:00,forecastValue,confidenceHighBound,confidenceLowBound,,,,,,,
4430.624,8/7/2020 0:00,forecastValue,confidenceHighBound,confidenceLowBound,,,,,,,
2001.07,8/10/2020 0:00,forecastValue,confidenceHighBound,confidenceLowBound,,,,,,,
1154.726,8/11/2020 0:00,forecastValue,confidenceHighBound,confidenceLowBound,,,,,,,
4383.084,8/12/2020 0:00,forecastValue,confidenceHighBound,confidenceLowBound,,,,,,,
3669.164,8/13/2020 0:00,forecastValue,confidenceHighBound,confidenceLowBound,,,,,,,
702.736,8/14/2020 0:00,forecastValue,confidenceHighBound,confidenceLowBound,,,,,,,
2123.872,8/15/2020 0:00,forecastValue,confidenceHighBound,confidenceLowBound,,,,,,,
265.564,8/16/2020 0:00,forecastValue,confidenceHighBound,confidenceLowBound,,,,,,,
10593.288,8/17/2020 0:00,forecastValue,confidenceHighBound,confidenceLowBound,,,,,,,
8140.484,8/18/2020 0:00,forecastValue,confidenceHighBound,confidenceLowBound,,,,,,,
740.446,8/19/2020 0:00,forecastValue,confidenceHighBound,confidenceLowBound,,,,,,,
1178.95,8/20/2020 0:00,forecastValue,confidenceHighBound,confidenceLowBound,,,,,,,
10009.054,8/21/2020 0:00,forecastValue,confidenceHighBound,confidenceLowBound,,,,,,,
620.54,8/22/2020 0:00,forecastValue,confidenceHighBound,confidenceLowBound,,,,,,,
4969.344,8/23/2020 0:00,forecastValue,confidenceHighBound,confidenceLowBound,,,,,,,
1069.056,8/24/2020 0:00,forecastValue,confidenceHighBound,confidenceLowBound,,,,,,,
800.988,8/25/2020 0:00,forecastValue,confidenceHighBound,confidenceLowBound,,,,,,,
443.66,8/26/2020 0:00,forecastValue,confidenceHighBound,confidenceLowBound,,,,,,,
7341.538,8/27/2020 0:00,forecastValue,confidenceHighBound,confidenceLowBound,,,,,,,
2007.632,8/28/2020 0:00,forecastValue,confidenceHighBound,confidenceLowBound,,,,,,,
596.468,8/29/2020 0:00,forecastValue,confidenceHighBound,confidenceLowBound,,,,,,,
3746.83,8/31/2020 0:00,forecastValue,confidenceHighBound,confidenceLowBound,,,,,,,
1672.81,9/1/2020 0:00,forecastValue,confidenceHighBound,confidenceLowBound,,,,,,,
11778.854,9/2/2020 0:00,forecastValue,confidenceHighBound,confidenceLowBound,,,,,,,
2309.849,9/3/2020 0:00,forecastValue,confidenceHighBound,confidenceLowBound,,,,,,,
7521.202,9/4/2020 0:00,forecastValue,confidenceHighBound,confidenceLowBound,,,,,,,
642.044,9/5/2020 0:00,forecastValue,confidenceHighBound,confidenceLowBound,,,,,,,
5328.565,9/7/2020 0:00,forecastValue,confidenceHighBound,confidenceLowBound,,,,,,,
2948.327,9/8/2020 0:00,forecastValue,confidenceHighBound,confidenceLowBound,,,,,,,
6631.061,9/9/2020 0:00,forecastValue,confidenceHighBound,confidenceLowBound,,,,,,,
3710.646,9/10/2020 0:00,forecastValue,confidenceHighBound,confidenceLowBound,,,,,,,
7061.006,9/11/2020 0:00,forecastValue,confidenceHighBound,confidenceLowBound,,,,,,,
1008.55,9/12/2020 0:00,forecastValue,confidenceHighBound,confidenceLowBound,,,,,,,
130.92,9/13/2020 0:00,forecastValue,confidenceHighBound,confidenceLowBound,,,,,,,
5467.347,9/14/2020 0:00,forecastValue,confidenceHighBound,confidenceLowBound,,,,,,,
8923.026,9/15/2020 0:00,forecastValue,confidenceHighBound,confidenceLowBound,,,,,,,
2010.65,9/16/2020 0:00,forecastValue,confidenceHighBound,confidenceLowBound,,,,,,,
6093.226,9/17/2020 0:00,forecastValue,confidenceHighBound,confidenceLowBound,,,,,,,
3049.93,9/18/2020 0:00,forecastValue,confidenceHighBound,confidenceLowBound,,,,,,,
2671.188,9/19/2020 0:00,forecastValue,confidenceHighBound,confidenceLowBound,,,,,,,
8262.918,9/20/2020 0:00,forecastValue,confidenceHighBound,confidenceLowBound,,,,,,,
1073.172,9/21/2020 0:00,forecastValue,confidenceHighBound,confidenceLowBound,,,,,,,
9438.213,9/22/2020 0:00,forecastValue,confidenceHighBound,confidenceLowBound,,,,,,,
3837.786,9/23/2020 0:00,forecastValue,confidenceHighBound,confidenceLowBound,,,,,,,
7989.462,9/24/2020 0:00,forecastValue,confidenceHighBound,confidenceLowBound,,,,,,,
2384.213,9/25/2020 0:00,forecastValue,confidenceHighBound,confidenceLowBound,,,,,,,
1983.576,9/26/2020 0:00,forecastValue,confidenceHighBound,confidenceLowBound,,,,,,,
1355.271,9/28/2020 0:00,forecastValue,confidenceHighBound,confidenceLowBound,,,,,,,
3466.08,9/29/2020 0:00,forecastValue,confidenceHighBound,confidenceLowBound,,,,,,,
1053.76,9/30/2020 0:00,forecastValue,confidenceHighBound,confidenceLowBound,,,,,,,
3600.466,10/1/2020 0:00,forecastValue,confidenceHighBound,confidenceLowBound,,,,,,,
7380.022,10/2/2020 0:00,forecastValue,confidenceHighBound,confidenceLowBound,,,,,,,
3166.48,10/3/2020 0:00,forecastValue,confidenceHighBound,confidenceLowBound,,,,,,,
136.98,10/4/2020 0:00,forecastValue,confidenceHighBound,confidenceLowBound,,,,,,,
7656.616,10/5/2020 0:00,forecastValue,confidenceHighBound,confidenceLowBound,,,,,,,
2278.652,10/6/2020 0:00,forecastValue,confidenceHighBound,confidenceLowBound,,,,,,,
3329.21,10/7/2020 0:00,forecastValue,confidenceHighBound,confidenceLowBound,,,,,,,
1028.356,10/8/2020 0:00,forecastValue,confidenceHighBound,confidenceLowBound,,,,,,,
2434.589,10/9/2020 0:00,forecastValue,confidenceHighBound,confidenceLowBound,,,,,,,
249.358,10/10/2020 0:00,forecastValue,confidenceHighBound,confidenceLowBound,,,,,,,
6847.354,10/12/2020 0:00,forecastValue,confidenceHighBound,confidenceLowBound,,,,,,,
9368.802,10/13/2020 0:00,forecastValue,confidenceHighBound,confidenceLowBound,,,,,,,
649.332,10/14/2020 0:00,forecastValue,confidenceHighBound,confidenceLowBound,,,,,,,
1589.94,10/15/2020 0:00,forecastValue,confidenceHighBound,confidenceLowBound,,,,,,,
3754.597,10/16/2020 0:00,forecastValue,confidenceHighBound,confidenceLowBound,,,,,,,
577.352,10/17/2020 0:00,forecastValue,confidenceHighBound,confidenceLowBound,,,,,,,
4151.8702,10/19/2020 0:00,forecastValue,confidenceHighBound,confidenceLowBound,,,,,,,
2638.858,10/20/2020 0:00,forecastValue,confidenceHighBound,confidenceLowBound,,,,,,,
5937.201,10/21/2020 0:00,forecastValue,confidenceHighBound,confidenceLowBound,,,,,,,
5492.877,10/22/2020 0:00,forecastValue,confidenceHighBound,confidenceLowBound,,,,,,,
4656.394,10/23/2020 0:00,forecastValue,confidenceHighBound,confidenceLowBound,,,,,,,
669.085,10/24/2020 0:00,forecastValue,confidenceHighBound,confidenceLowBound,,,,,,,
1700.868,10/26/2020 0:00,forecastValue,confidenceHighBound,confidenceLowBound,,,,,,,
1967.32,10/27/2020 0:00,forecastValue,confidenceHighBound,confidenceLowBound,,,,,,,
1110.726,10/28/2020 0:00,forecastValue,confidenceHighBound,confidenceLowBound,,,,,,,
146.96,10/29/2020 0:00,forecastValue,confidenceHighBound,confidenceLowBound,,,,,,,
5649.73,10/30/2020 0:00,forecastValue,confidenceHighBound,confidenceLowBound,,,,,,,
726.928,10/31/2020 0:00,forecastValue,confidenceHighBound,confidenceLowBound,,,,,,,
3247.43,11/1/2020 0:00,forecastValue,confidenceHighBound,confidenceLowBound,,,,,,,
8138.386,11/2/2020 0:00,forecastValue,confidenceHighBound,confidenceLowBound,,,,,,,
6320.937,11/3/2020 0:00,forecastValue,confidenceHighBound,confidenceLowBound,,,,,,,
6762.096,11/4/2020 0:00,forecastValue,confidenceHighBound,confidenceLowBound,,,,,,,
3250.064,11/5/2020 0:00,forecastValue,confidenceHighBound,confidenceLowBound,,,,,,,
6473.75,11/6/2020 0:00,forecastValue,confidenceHighBound,confidenceLowBound,,,,,,,
2988.378,11/7/2020 0:00,forecastValue,confidenceHighBound,confidenceLowBound,,,,,,,
411.1,11/8/2020 0:00,forecastValue,confidenceHighBound,confidenceLowBound,,,,,,,
2379.492,11/9/2020 0:00,forecastValue,confidenceHighBound,confidenceLowBound,,,,,,,
4758.548,11/10/2020 0:00,forecastValue,confidenceHighBound,confidenceLowBound,,,,,,,
2994.218,11/11/2020 0:00,forecastValue,confidenceHighBound,confidenceLowBound,,,,,,,
5225.386,11/12/2020 0:00,forecastValue,confidenceHighBound,confidenceLowBound,,,,,,,
7955.4202,11/13/2020 0:00,forecastValue,confidenceHighBound,confidenceLowBound,,,,,,,
1554.658,11/14/2020 0:00,forecastValue,confidenceHighBound,confidenceLowBound,,,,,,,
621.2,11/15/2020 0:00,forecastValue,confidenceHighBound,confidenceLowBound,,,,,,,
5804.234,11/16/2020 0:00,forecastValue,confidenceHighBound,confidenceLowBound,,,,,,,
9676.8828,11/17/2020 0:00,forecastValue,confidenceHighBound,confidenceLowBound,,,,,,,
3273.756,11/18/2020 0:00,forecastValue,confidenceHighBound,confidenceLowBound,,,,,,,
8355.272,11/19/2020 0:00,forecastValue,confidenceHighBound,confidenceLowBound,,,,,,,
4110.274,11/20/2020 0:00,forecastValue,confidenceHighBound,confidenceLowBound,,,,,,,
3492.184,11/21/2020 0:00,forecastValue,confidenceHighBound,confidenceLowBound,,,,,,,
207.712,11/22/2020 0:00,forecastValue,confidenceHighBound,confidenceLowBound,,,,,,,
2417.109,11/23/2020 0:00,forecastValue,confidenceHighBound,confidenceLowBound,,,,,,,
6661.641,11/24/2020 0:00,forecastValue,confidenceHighBound,confidenceLowBound,,,,,,,
4556.157,11/25/2020 0:00,forecastValue,confidenceHighBound,confidenceLowBound,,,,,,,
5817.172,11/26/2020 0:00,forecastValue,confidenceHighBound,confidenceLowBound,,,,,,,
2442.254,11/27/2020 0:00,forecastValue,confidenceHighBound,confidenceLowBound,,,,,,,
3216.944,11/28/2020 0:00,forecastValue,confidenceHighBound,confidenceLowBound,,,,,,,
532.888,11/29/2020 0:00,forecastValue,confidenceHighBound,confidenceLowBound,,,,,,,
7315.282,11/30/2020 0:00,forecastValue,confidenceHighBound,confidenceLowBound,,,,,,,
7633.178,12/1/2020 0:00,forecastValue,confidenceHighBound,confidenceLowBound,,,,,,,
7281.182,12/2/2020 0:00,forecastValue,confidenceHighBound,confidenceLowBound,,,,,,,
3044.842,12/3/2020 0:00,forecastValue,confidenceHighBound,confidenceLowBound,,,,,,,
3779.638,12/4/2020 0:00,forecastValue,confidenceHighBound,confidenceLowBound,,,,,,,
2847.136,12/5/2020 0:00,forecastValue,confidenceHighBound,confidenceLowBound,,,,,,,
216.68,12/6/2020 0:00,forecastValue,confidenceHighBound,confidenceLowBound,,,,,,,
4352.514,12/7/2020 0:00,forecastValue,confidenceHighBound,confidenceLowBound,,,,,,,
7723.041,12/8/2020 0:00,forecastValue,confidenceHighBound,confidenceLowBound,,,,,,,
9629.39,12/9/2020 0:00,forecastValue,confidenceHighBound,confidenceLowBound,,,,,,,
8156.559,12/10/2020 0:00,forecastValue,confidenceHighBound,confidenceLowBound,,,,,,,
9212.965,12/11/2020 0:00,forecastValue,confidenceHighBound,confidenceLowBound,,,,,,,
2257.936,12/13/2020 0:00,forecastValue,confidenceHighBound,confidenceLowBound,,,,,,,
6219.714,12/14/2020 0:00,forecastValue,confidenceHighBound,confidenceLowBound,,,,,,,
3059.888,12/15/2020 0:00,forecastValue,confidenceHighBound,confidenceLowBound,,,,,,,
5077.702,12/16/2020 0:00,forecastValue,confidenceHighBound,confidenceLowBound,,,,,,,
7537.758,12/17/2020 0:00,forecastValue,confidenceHighBound,confidenceLowBound,,,,,,,
10588.911,12/18/2020 0:00,forecastValue,confidenceHighBound,confidenceLowBound,,,,,,,
3981.926,12/19/2020 0:00,forecastValue,confidenceHighBound,confidenceLowBound,,,,,,,
4915.736,12/20/2020 0:00,forecastValue,confidenceHighBound,confidenceLowBound,,,,,,,
5207.94,12/21/2020 0:00,forecastValue,confidenceHighBound,confidenceLowBound,,,,,,,
7820.041,12/22/2020 0:00,forecastValue,confidenceHighBound,confidenceLowBound,,,,,,,
7597.776,12/23/2020 0:00,forecastValue,confidenceHighBound,confidenceLowBound,,,,,,,
8057.054,12/24/2020 0:00,forecastValue,confidenceHighBound,confidenceLowBound,,,,,,,
9721.927,12/25/2020 0:00,forecastValue,confidenceHighBound,confidenceLowBound,,,,,,,
1966.594,12/26/2020 0:00,forecastValue,confidenceHighBound,confidenceLowBound,,,,,,,
2195.636,12/27/2020 0:00,forecastValue,confidenceHighBound,confidenceLowBound,,,,,,,
6555.3508,12/28/2020 0:00,forecastValue,confidenceHighBound,confidenceLowBound,,,,,,,
3763.534,12/29/2020 0:00,forecastValue,confidenceHighBound,confidenceLowBound,,,,,,,
2807.79,12/30/2020 0:00,forecastValue,confidenceHighBound,confidenceLowBound,,,,date,forecastValue,confidenceHighBound,confidenceLowBound
2975.51,12/31/2020 0:00,2975.51,2975.51,2975.51,,,,,,,
,1/1/2021 0:00,5262.58649,8585.617933,1939.555047,,,,1/1/2021 0:00,5262.58649,8585.617933,1939.555047
,1/2/2021 0:00,4025.958405,7349.004802,702.9120083,,,,1/2/2021 0:00,4025.958405,7349.004802,702.9120083
,1/3/2021 0:00,2914.043302,6237.116283,'-409.02967881748054,,,,1/3/2021 0:00,2914.043302,6237.116283,'-409.02967881748054
,1/4/2021 0:00,3676.285348,6999.399866,353.1708296,,,,1/4/2021 0:00,3676.285348,6999.399866,353.1708296
,1/5/2021 0:00,3014.425429,6337.59976,'-308.74890147294764,,,,1/5/2021 0:00,3014.425429,6337.59976,'-308.74890147294764
,1/6/2021 0:00,3425.945686,6749.201426,102.6899457,,,,1/6/2021 0:00,3425.945686,6749.201426,102.6899457
,1/7/2021 0:00,2436.53713,5759.899199,'-886.8249381626347,,,,1/7/2021 0:00,2436.53713,5759.899199,'-886.8249381626347
,1/8/2021 0:00,2296.120167,5619.616802,'-1027.3764678818552,,,,1/8/2021 0:00,2296.120167,5619.616802,'-1027.3764678818552
,1/9/2021 0:00,2245.686925,5569.349684,'-1077.9758341936522,,,,1/9/2021 0:00,2245.686925,5569.349684,'-1077.9758341936522
,1/10/2021 0:00,2984.05628,6307.920038,'-339.80747848468127,,,,1/10/2021 0:00,2984.05628,6307.920038,'-339.80747848468127
,1/11/2021 0:00,4023.708317,7347.811265,699.6053691,,,,1/11/2021 0:00,4023.708317,7347.811265,699.6053691
,1/12/2021 0:00,5512.438081,8836.821723,2188.054439,,,,1/12/2021 0:00,5512.438081,8836.821723,2188.054439
,1/13/2021 0:00,2635.88201,5960.591161,'-688.8271401672346,,,,1/13/2021 0:00,2635.88201,5960.591161,'-688.8271401672346
,1/14/2021 0:00,3957.822411,7282.905193,632.7396291,,,,1/14/2021 0:00,3957.822411,7282.905193,632.7396291
,1/15/2021 0:00,3699.359283,7024.867124,373.8514427,,,,1/15/2021 0:00,3699.359283,7024.867124,373.8514427
